﻿Series Name,Series Code,Time,Inv,Inv
Gross capital formation (% of GDP),NE.GDI.TOTL.ZS,1974,22.51151757,22.51151757
Gross capital formation (% of GDP),NE.GDI.TOTL.ZS,1975,19.54510626,19.54510626
Gross capital formation (% of GDP),NE.GDI.TOTL.ZS,1976,19.41927196,19.41927196
Gross capital formation (% of GDP),NE.GDI.TOTL.ZS,1977,21.09561255,21.09561255
Gross capital formation (% of GDP),NE.GDI.TOTL.ZS,1978,22.65072075,22.65072075
Gross capital formation (% of GDP),NE.GDI.TOTL.ZS,1979,23.59537674,23.59537674
Gross capital formation (% of GDP),NE.GDI.TOTL.ZS,1980,19.55500345,19.55500345
Gross capital formation (% of GDP),NE.GDI.TOTL.ZS,1981,25.56013763,25.56013763
Gross capital formation (% of GDP),NE.GDI.TOTL.ZS,1982,25.13419431,25.13419431
Gross capital formation (% of GDP),NE.GDI.TOTL.ZS,1983,21.03957212,21.03957212
Gross capital formation (% of GDP),NE.GDI.TOTL.ZS,1984,23.2914173,23.2914173
Gross capital formation (% of GDP),NE.GDI.TOTL.ZS,1985,26.4460769,26.4460769
Gross capital formation (% of GDP),NE.GDI.TOTL.ZS,1986,26.06568394,26.06568394
Gross capital formation (% of GDP),NE.GDI.TOTL.ZS,1987,25.82713131,25.82713131
Gross capital formation (% of GDP),NE.GDI.TOTL.ZS,1988,26.28263499,26.28263499
Gross capital formation (% of GDP),NE.GDI.TOTL.ZS,1989,26.86103691,26.86103691
Gross capital formation (% of GDP),NE.GDI.TOTL.ZS,1990,27.3361977,27.3361977
Gross capital formation (% of GDP),NE.GDI.TOTL.ZS,1991,25.14050528,25.14050528
Gross capital formation (% of GDP),NE.GDI.TOTL.ZS,1992,27.44020416,27.44020416
Gross capital formation (% of GDP),NE.GDI.TOTL.ZS,1993,22.71641051,22.71641051
Gross capital formation (% of GDP),NE.GDI.TOTL.ZS,1994,26.31016656,26.31016656
Gross capital formation (% of GDP),NE.GDI.TOTL.ZS,1995,29.15233715,29.15233715
Gross capital formation (% of GDP),NE.GDI.TOTL.ZS,1996,22.75925318,22.75925318
Gross capital formation (% of GDP),NE.GDI.TOTL.ZS,1997,25.69273291,25.69273291
Gross capital formation (% of GDP),NE.GDI.TOTL.ZS,1998,24.97536994,24.97536994
Gross capital formation (% of GDP),NE.GDI.TOTL.ZS,1999,30.95808797,30.95808797
Gross capital formation (% of GDP),NE.GDI.TOTL.ZS,2000,25.67731668,25.67731668
Gross capital formation (% of GDP),NE.GDI.TOTL.ZS,2001,29.90788898,29.90788898
Gross capital formation (% of GDP),NE.GDI.TOTL.ZS,2002,30.25130012,30.25130012
Gross capital formation (% of GDP),NE.GDI.TOTL.ZS,2003,30.83969994,30.83969994
Gross capital formation (% of GDP),NE.GDI.TOTL.ZS,2004,35.0964917,35.0964917
Gross capital formation (% of GDP),NE.GDI.TOTL.ZS,2005,37.42826402,37.42826402
Gross capital formation (% of GDP),NE.GDI.TOTL.ZS,2006,38.99850637,38.99850637
Gross capital formation (% of GDP),NE.GDI.TOTL.ZS,2007,41.95079823,41.95079823
Gross capital formation (% of GDP),NE.GDI.TOTL.ZS,2008,38.42241965,38.42241965
Gross capital formation (% of GDP),NE.GDI.TOTL.ZS,2009,39.25679176,39.25679176
Gross capital formation (% of GDP),NE.GDI.TOTL.ZS,2010,39.78562417,39.78562417
Gross capital formation (% of GDP),NE.GDI.TOTL.ZS,2011,39.59042144,39.59042144
Gross capital formation (% of GDP),NE.GDI.TOTL.ZS,2012,38.34741567,38.34741567
Gross capital formation (% of GDP),NE.GDI.TOTL.ZS,2013,34.02320208,34.02320208
Gross capital formation (% of GDP),NE.GDI.TOTL.ZS,2014,34.26780561,34.26780561
Gross capital formation (% of GDP),NE.GDI.TOTL.ZS,2015,32.11673014,32.11673014
Gross capital formation (% of GDP),NE.GDI.TOTL.ZS,2016,30.17269167,30.17269167
Gross capital formation (% of GDP),NE.GDI.TOTL.ZS,2017,30.98217576,30.98217576
Gross capital formation (% of GDP),NE.GDI.TOTL.ZS,2018,32.34321821,32.34321821
Gross capital formation (% of GDP),NE.GDI.TOTL.ZS,2019,30.09619757,30.09619757
Gross capital formation (% of GDP),NE.GDI.TOTL.ZS,2020,28.75229851,28.75229851
Gross capital formation (% of GDP),NE.GDI.TOTL.ZS,2021,31.22549825,31.22549825
Gross capital formation (% of GDP),NE.GDI.TOTL.ZS,2022,31.04158151,31.04158151
,,,,
,,,,
,,,,
Data from database: World Development Indicators,,,,
Last Updated: 03/28/2024,,,,
